id;uid;title;sub_title;description;long_description;status;priority;place;location;css_theme;url;is_public;start_date;end_date;opening_hours;image;image_content_type;image_sha_1;image_url;thumbnail;thumbnail_content_type;thumbnail_sha_1;ical;ical_content_type;created_at;updated_at
1;5eadfd10-9c6b-4d6c-b04a-da293dc6a623;Re-contextualized SAS;program Graphic Interface;Forward;../fake-data/blob/hipster.txt;CANCELLED;49194;Keyboard Graphic Interface expedite;"";Oregon compelling;https://bert.name;false;2020-02-11T14:02:12;2020-02-11T03:06:13;success Handmade;../fake-data/blob/hipster.png;image/png;;Borders;../fake-data/blob/hipster.png;image/png;;../fake-data/blob/hipster.png;image/png;2020-02-11T05:59:29;2020-02-11T03:50:30
2;91678069-2484-433a-9ba5-c6ff05d858da;repurpose;Dynamic pricing structure;paradigms;../fake-data/blob/hipster.txt;CONFIRMED;6389;bypassing Granite Buckinghamshire;"";strategy;https://juwan.biz;true;2020-02-10T21:48:42;2020-02-10T19:13:26;Shoes;../fake-data/blob/hipster.png;image/png;;Integration;../fake-data/blob/hipster.png;image/png;;../fake-data/blob/hipster.png;image/png;2020-02-10T19:15:10;2020-02-10T19:07:04
3;36d7e2da-51f1-4094-adf9-796fc293bb1f;Architect Gorgeous Soft Mouse;Planner;scalable;../fake-data/blob/hipster.txt;DRAFT;18527;index AGP;"";capacitor;https://norbert.net;false;2020-02-11T04:00:46;2020-02-10T23:23:09;Liaison South Dakota;../fake-data/blob/hipster.png;image/png;;deposit;../fake-data/blob/hipster.png;image/png;;../fake-data/blob/hipster.png;image/png;2020-02-11T11:36:49;2020-02-10T23:59:44
4;ea550cbb-2959-45ec-8251-879f7c9dedda;Refined;Berkshire;Generic;../fake-data/blob/hipster.txt;IN_PROCESS;10125;Grocery innovative;"-9,-97.932884,78";Handmade Soft Hat Devolved Handmade Fresh Shoes;http://stacy.net;false;2020-02-11T01:06:25;2020-02-11T03:05:32;Ohio;../fake-data/blob/hipster.png;image/png;;back-end;../fake-data/blob/hipster.png;image/png;;../fake-data/blob/hipster.png;image/png;2020-02-11T09:54:23;2020-02-11T06:06:12
5;93e9c06b-21b3-4500-8dee-4cea54325491;proactive Netherlands circuit;integrate Regional cross-platform;De-engineered;../fake-data/blob/hipster.txt;IN_PROCESS;45894;calculating Small Cotton Soap olive;"";navigate info-mediaries Small;http://cornelius.info;false;2020-02-11T00:40:48;2020-02-11T04:38:51;Singapore;../fake-data/blob/hipster.png;image/png;;parse Small Fresh Hat Executive;../fake-data/blob/hipster.png;image/png;;../fake-data/blob/hipster.png;image/png;2020-02-11T15:16:12;2020-02-11T02:25:14
6;4f4b7055-1efd-4859-b598-ff2b2bf6afa8;Freeway;Metal matrix Investor;backing up;../fake-data/blob/hipster.txt;DRAFT;26341;programming Developer primary;"90,180.00000000,09";solid state;http://brayan.com;true;2020-02-11T10:34:32;2020-02-11T03:09:09;TCP;../fake-data/blob/hipster.png;image/png;;Up-sized;../fake-data/blob/hipster.png;image/png;;../fake-data/blob/hipster.png;image/png;2020-02-11T13:09:50;2020-02-11T10:56:09
7;30f0f195-8309-4d00-aa82-0329f68f8363;Avon;Representative Consultant;system Dynamic;../fake-data/blob/hipster.txt;DRAFT;18921;Small Steel Towels;"";Overpass array bandwidth-monitored;https://santino.org;false;2020-02-11T04:41:07;2020-02-11T06:47:03;Generic portals;../fake-data/blob/hipster.png;image/png;;Personal Loan Account;../fake-data/blob/hipster.png;image/png;;../fake-data/blob/hipster.png;image/png;2020-02-10T17:34:34;2020-02-11T02:31:53
8;9b4fec4a-f1e2-463d-ad49-4f6b75fba9bc;content-based service-desk;South Dakota;Associate;../fake-data/blob/hipster.txt;DRAFT;57131;XML Salad;"";gold;https://lelia.name;true;2020-02-11T12:38:44;2020-02-11T16:13:23;Soft client-server;../fake-data/blob/hipster.png;image/png;;deposit;../fake-data/blob/hipster.png;image/png;;../fake-data/blob/hipster.png;image/png;2020-02-11T13:56:57;2020-02-11T01:20:25
9;c3c889f3-f5f0-454d-a02d-c15af1b7d0b3;application;Plains;Berkshire;../fake-data/blob/hipster.txt;COMPLETED;43062;forecast mindshare;"";Reduced Credit Card Account;http://florian.biz;false;2020-02-11T10:01:32;2020-02-11T14:42:58;Compatible quantify;../fake-data/blob/hipster.png;image/png;;Chief payment Consultant;../fake-data/blob/hipster.png;image/png;;../fake-data/blob/hipster.png;image/png;2020-02-10T20:20:26;2020-02-11T12:09:39
10;7f14358e-c798-48d0-9572-963e68d435fb;Proactive Investment Account;Gloves Soap Andorra;Borders;../fake-data/blob/hipster.txt;COMPLETED;89993;Officer Assistant;"";multi-state pink;http://blake.biz;false;2020-02-11T07:57:28;2020-02-11T09:52:41;Locks open-source Borders;../fake-data/blob/hipster.png;image/png;;Bedfordshire array transmitting;../fake-data/blob/hipster.png;image/png;;../fake-data/blob/hipster.png;image/png;2020-02-10T23:53:50;2020-02-10T19:24:24
